,City,Cloudiness,Country,Date,Humidity,Lat,Lng,Max Temp,Wind Speed
0,kungurtug,0,RU,1561846378,72,50.6,97.53,46.71,3.51
1,qaanaaq,0,GL,1561846433,45,77.48,-69.36,50.92,3.13
2,tiksi,100,RU,1561846433,85,71.64,128.87,39.01,10.63
3,hermanus,100,ZA,1561846433,68,-34.42,19.24,57,1.01
4,owando,0,CG,1561846434,69,-0.49,15.91,77.38,1.05
5,jamestown,0,AU,1561846197,95,-33.21,138.6,41.24,7.56
6,ano mera,0,GR,1561846434,53,37.45,25.4,77,21.92
7,timmins,75,CA,1561846434,59,48.48,-81.33,66.2,12.75
8,tsihombe,,,,,,,,
9,hobart,75,AU,1561846434,57,-42.88,147.33,51.8,11.41
10,upernavik,0,GL,1561846435,78,72.79,-56.15,39.8,12.75
11,new norfolk,75,AU,1561846435,57,-42.78,147.06,51.8,11.41
12,albany,40,US,1561846250,45,42.65,-73.75,86,12.75
13,saskylakh,95,RU,1561846435,56,71.97,114.09,54.33,19.6
14,illoqqortoormiut,,,,,,,,
15,avarua,100,CK,1561846337,53,-21.21,-159.78,73.4,11.41
16,toba tek singh,0,PK,1561846435,20,30.98,72.49,99.13,8.77
17,taolanaro,,,,,,,,
18,atuona,97,PF,1561846436,75,-9.8,-139.03,81.04,15.73
19,plouzane,75,FR,1561846436,93,48.38,-4.62,59,6.93
20,hithadhoo,100,MV,1561846225,73,-0.6,73.08,83.61,12.73
21,bredasdorp,62,ZA,1561846436,76,-34.53,20.04,57,5.82
22,hasaki,75,JP,1561846436,100,35.73,140.83,70,6.93
23,presidencia roque saenz pena,97,AR,1561846392,80,-26.79,-60.44,70.56,8.55
24,busselton,71,AU,1561846437,86,-33.64,115.35,54,23.15
25,vaini,96,IN,1561846437,91,15.34,74.49,76.57,5.66
26,atambua,100,ID,1561846437,74,-9.11,124.89,75.84,12.17
27,wad rawah,100,SD,1561846437,42,15.16,33.13,89.91,11.83
28,punta alta,4,AR,1561846437,58,-27.46,-55.82,84.2,6.93
29,georgetown,40,GY,1561846412,74,6.8,-58.16,84.2,13.87
30,lima,90,PE,1561846438,88,-12.06,-77.04,62.6,5.82
31,ust-ilimsk,0,RU,1561846438,60,57.96,102.73,63.47,3
32,grand forks,1,US,1561846438,57,47.91,-97.06,82.4,19.46
33,bolungarvik,,,,,,,,
34,charters towers,0,AU,1561846439,67,-20.07,146.27,56.04,8.68
35,punta arenas,40,CL,1561846439,69,-53.16,-70.91,35.6,9.17
36,turbat,0,PK,1561846439,85,26,63.05,80.86,5.95
37,bluff,6,AU,1561846440,84,-23.58,149.07,57.55,6.08
38,turukhansk,100,RU,1561846440,76,65.8,87.96,51.19,5.75
39,barrow,100,AR,1561846190,87,-38.31,-60.23,43.49,7.67
40,ambulu,44,ID,1561846440,89,-8.35,113.61,69.3,7.11
41,cape town,20,ZA,1561846440,76,-33.93,18.42,57,17.22
42,samarai,100,PG,1561846441,93,-10.62,150.67,72.02,6.8
43,mar del plata,80,AR,1561846355,66,-46.43,-67.52,33.12,11.32
44,calabar,93,NG,1561846441,94,4.98,8.34,73.95,4.05
45,mataura,93,NZ,1561846441,81,-46.19,168.86,46.99,1.01
46,kahului,20,US,1561846442,43,20.89,-156.47,89.6,13.87
47,ribeira grande,9,PT,1561846203,69,38.52,-28.7,67.32,7.25
48,mincivan,22,AZ,1561846442,73,39.03,46.72,66.48,3.51
49,castro,75,CL,1561846442,100,-42.48,-73.76,41,6.93
50,athabasca,100,CA,1561846364,75,54.72,-113.29,60.66,9.28
51,buritis,10,BR,1561846378,55,-15.62,-46.42,71.8,5.57
52,louisbourg,,,,,,,,
53,zanjan,0,IR,1561846197,26,36.67,48.48,72.9,3.94
54,carnarvon,0,ZA,1561846443,31,-30.97,22.13,50.35,8.34
55,hofn,100,IS,1561846443,95,64.25,-15.21,36.34,5.77
56,touros,20,BR,1561846443,78,-5.2,-35.46,77,4.7
57,dikson,66,RU,1561846444,89,73.51,80.55,35.28,9.91
58,puerto ayora,20,EC,1561846444,73,-0.74,-90.35,77,21.92
59,suez,0,EG,1561846444,73,29.97,32.54,76.72,11.83
60,mullaitivu,,,,,,,,
61,youghal,2,IE,1561846444,90,51.95,-7.85,60.01,5.01
62,cayenne,100,GF,1561846331,83,4.94,-52.33,80.6,9.17
63,rikitea,100,PF,1561846445,70,-23.12,-134.97,70.44,13.27
64,faanui,40,PF,1561846445,79,-16.48,-151.75,76.11,24.36
65,talnakh,0,RU,1561846445,81,69.49,88.39,48.2,8.95
66,lethem,13,GY,1561846445,57,3.38,-59.8,88,11.12
67,kodiak,1,US,1561846446,24,39.95,-94.76,97,8.05
68,methoni,20,GR,1561846446,64,36.82,21.7,80.01,13
69,nhulunbuy,75,AU,1561846446,88,-12.18,136.78,75.2,10.29
70,camopi,100,GF,1561846446,97,3.17,-52.33,76.25,3.47
71,maragogi,20,BR,1561846446,93,-9.01,-35.22,71.64,4.36
72,houma,37,CN,1561846447,36,35.63,111.36,71.25,1.34
73,mapiripan,94,CO,1561846447,86,2.89,-72.13,81.45,4.92
74,ushuaia,75,AR,1561846447,86,-54.81,-68.31,33.8,5.82
75,palmer,75,AU,1561846447,81,-34.85,139.16,53.01,9.17
76,gold coast,75,AU,1561846447,100,-28,153.41,61,6.93
77,bubaque,71,GW,1561846448,84,11.28,-15.83,79.58,15.28
78,east london,9,ZA,1561846448,41,-33.02,27.91,57.94,5.14
79,saleaula,,,,,,,,
80,bathsheba,40,BB,1561846448,70,13.22,-59.52,84.2,24.16
81,mizpe ramon,,,,,,,,
82,bontang,31,ID,1561846449,99,0.12,117.47,69.39,1.95
83,barentsburg,,,,,,,,
84,port alfred,0,ZA,1561846186,86,-33.59,26.89,55.99,5.01
85,codajas,4,BR,1561846449,59,-3.84,-62.06,88.54,2.73
86,vestmannaeyjar,100,IS,1561846390,89,63.44,-20.27,49.18,13.35
87,saint-philippe,90,CA,1561846449,77,45.36,-73.48,78.01,13.87
88,santa rosa,99,AR,1561846292,75,-36.62,-64.29,47.36,4.5
89,suleja,0,NG,1561846450,78,9.18,7.18,78.8,2.24
90,wanning,0,AT,1561846450,52,48.64,13.53,71.01,6.93
91,qui nhon,,,,,,,,
92,klyuchi,0,RU,1561846450,90,52.25,79.17,51.91,7.85
93,san quintin,100,PH,1561846450,91,17.54,120.52,75.17,2.48
94,sorland,100,NO,1561846450,72,67.67,12.69,45,15.93
95,tasiilaq,90,GL,1561846451,46,65.61,-37.64,50,13.87
96,tabatinga,0,BR,1561846451,63,-21.74,-48.69,71.88,2.64
97,san patricio,78,PY,1561846451,64,-26.98,-56.83,78.5,5.53
98,sept-iles,75,CA,1561846451,82,50.2,-66.38,57.2,11.41
99,belushya guba,,,,,,,,
100,yellowknife,75,CA,1561846452,35,62.45,-114.38,71.6,11.41
101,mount gambier,83,AU,1561846452,65,-37.83,140.78,54.06,26.73
102,pevek,100,RU,1561846452,99,69.7,170.27,33.43,6.53
103,kaitangata,20,NZ,1561846452,62,-46.28,169.85,48.99,1.99
104,kapaa,75,US,1561846157,70,22.08,-159.32,84.2,13.87
105,chuy,97,UY,1561846453,98,-33.69,-53.46,63.06,5.66
106,qaqortoq,75,GL,1561846453,70,60.72,-46.03,48.2,9.17
107,ust-tsilma,99,RU,1561846453,90,65.44,52.15,57.84,9.66
108,chalus,0,IR,1561846453,78,36.66,51.42,78.8,4.7
109,blythe,1,US,1561846454,5,33.61,-114.59,106,5.82
110,palabuhanratu,,,,,,,,
111,ponta do sol,2,BR,1561846454,76,-20.63,-46,65.14,6.82
112,los llanos de aridane,90,ES,1561846454,68,28.66,-17.92,71.6,12.75
113,belyy yar,0,RU,1561846454,82,53.6,91.39,60.8,4.9
114,halalo,,,,,,,,
115,amderma,,,,,,,,
116,quatre cocos,40,MU,1561846455,64,-20.21,57.76,71.6,17.22
117,fortuna,20,US,1561846455,72,40.6,-124.16,64,17.22
118,victoria,75,BN,1561846190,88,5.28,115.24,80.6,3.22
119,khatanga,100,RU,1561846456,81,71.98,102.47,56.52,10.74
120,kruisfontein,0,ZA,1561846456,72,-34,24.73,50.96,2.51
121,severo-kurilsk,2,RU,1561846456,94,50.68,156.12,41.91,5.59
122,butaritari,67,KI,1561846456,67,3.07,172.79,83.25,0.72
123,erenhot,41,CN,1561846456,51,43.65,111.97,60.59,4.54
124,burns lake,100,CA,1561846457,68,54.23,-125.76,64.57,2.44
125,oban,36,GB,1561846457,92,56.42,-5.47,55.99,4.9
126,tarrafal,20,CV,1561846457,73,15.28,-23.77,75.2,16.11
127,longonjo,0,AO,1561846457,54,-12.91,15.25,56.05,1.3
128,baraut,20,IN,1561846457,41,29.1,77.26,95,6.93
129,mahebourg,40,MU,1561846457,64,-20.41,57.7,71.6,17.22
130,nouadhibou,0,MR,1561846458,64,20.93,-17.03,71.6,17.22
131,salalah,75,OM,1561846458,94,17.01,54.1,80.6,4.7
132,homer,1,US,1561846267,68,59.64,-151.54,80.01,12.75
133,kefamenanu,100,ID,1561846459,87,-9.45,124.48,61.83,3.83
134,toliary,,,,,,,,
135,isangel,40,VU,1561846459,73,-19.55,169.27,75.2,1.12
136,sioux lookout,90,CA,1561846460,34,50.1,-91.92,82.4,3.36
137,provideniya,100,RU,1561846460,96,64.42,-173.23,44.71,4.43
138,hilo,90,US,1561846460,69,19.71,-155.08,80.6,4.7
139,vaitupu,,,,,,,,
140,richards bay,0,ZA,1561846460,80,-28.77,32.06,67.02,10.16
141,attawapiskat,,,,,,,,
142,halifax,90,CA,1561846461,100,44.65,-63.58,57.99,9.17
143,bandarbeyla,99,SO,1561846461,67,9.49,50.81,77.67,24.67
144,mayo,75,CA,1561846461,39,63.59,-135.9,80.6,6.93
145,buala,20,SB,1561846375,82,-8.15,159.59,79.31,3.76
146,nikolskoye,40,RU,1561846461,67,59.7,30.79,60.8,6.71
147,tenosique,,,,,,,,
148,bam,0,IR,1561846462,21,29.11,58.36,76.41,7.81
149,sentyabrskiy,,,,,,,,
150,inuvik,75,CA,1561846334,57,68.36,-133.71,50,6.93
151,luau,0,CD,1561846462,37,-10.7,22.23,61.58,3.09
152,la ronge,90,CA,1561846462,93,55.1,-105.3,62.6,4.7
153,nelidovo,37,RU,1561846463,79,56.22,32.78,50.17,7
154,grand river south east,,,,,,,,
155,amapa,75,HN,1561846463,62,15.09,-87.97,86,16.11
156,guymon,1,US,1561846463,25,36.68,-101.48,100.99,9.17
157,urbana,1,US,1561846279,46,40.11,-88.21,93.2,11.41
158,hami,0,CN,1561846463,15,42.84,93.51,81.88,10.78
159,grindavik,75,IS,1561846464,93,63.84,-22.43,54,12.75
160,riviere-au-renard,75,CA,1561846464,82,49,-64.4,62.6,5.82
161,constitucion,75,MX,1561846464,14,23.99,-104.67,82.4,10.29
162,pontalina,0,BR,1561846464,55,-17.52,-49.45,73.39,4.79
163,pascagoula,75,US,1561846231,74,30.37,-88.56,84,8.05
164,saint-paul,0,FR,1561846465,73,45.22,1.9,82,3.36
165,zhigansk,5,RU,1561846465,43,66.77,123.37,58.72,15.93
166,port elizabeth,20,US,1561846166,88,39.31,-74.98,82,8.05
167,zaysan,0,KZ,1561846465,70,47.47,84.87,62.93,5.75
168,ushtobe,0,KZ,1561846465,31,45.25,77.98,81.31,19.33
169,mwinilunga,0,ZM,1561846466,46,-11.73,24.43,55.15,4.36
170,vila franca do campo,20,PT,1561846466,77,37.72,-25.43,64.4,2.24
171,chokurdakh,0,RU,1561846466,58,70.62,147.9,47.34,6.76
172,zabol,0,IR,1561846466,42,31.03,61.49,80.6,6.93
173,deh rawud,,,,,,,,
174,souillac,90,FR,1561846466,82,45.6,-0.6,73,10.29
175,morondava,27,MG,1561846467,74,-20.3,44.28,78.54,14.18
176,esperance,6,AU,1561846467,81,-33.86,121.89,48.2,17.22
177,cockburn town,1,TC,1561846248,79,21.46,-71.14,82.73,20.74
178,megion,20,RU,1561846467,100,61.04,76.11,51.8,6.73
179,sydney,20,AU,1561846170,62,-33.85,151.22,54,5.82
180,mbuguni,20,TZ,1561846467,82,-3.55,36.92,62.6,11.05
181,avera,1,US,1561846468,43,33.19,-82.53,90,3.36
182,bilibino,100,RU,1561846468,78,68.06,166.44,47.11,4.61
183,yellamanchili,,,,,,,,
184,cocobeach,40,GA,1561846468,78,1.01,9.58,78.8,11.41
185,chernyshevskiy,8,RU,1561846469,55,63.01,112.47,67.95,2.39
186,manaure,100,CO,1561846469,71,11.78,-72.45,83.68,24.23
187,itarema,4,BR,1561846469,77,-2.92,-39.92,77.22,7.43
188,fairbanks,1,US,1561846470,44,64.84,-147.72,84.99,7.83
189,tomino,40,RU,1561846470,67,54.95,61.17,60.8,6.71
190,lolua,,,,,,,,
191,hualmay,32,PE,1561846470,85,-11.1,-77.61,63.56,16.02
192,tumannyy,,,,,,,,
193,alta floresta,0,BR,1561846471,43,-9.87,-56.08,89.6,2.24
194,ylivieska,31,FI,1561846471,62,64.07,24.53,54,7
195,bilma,54,NE,1561846388,13,18.69,12.92,94,4.16
196,wattegama,100,LK,1561846471,88,7.35,80.68,74.18,6.22
197,cachoeira do sul,68,BR,1561846471,79,-30.05,-52.89,72.52,4.23
198,makokou,8,GA,1561846471,93,0.56,12.85,71.62,2.33
199,nizhneyansk,,,,,,,,
200,honningsvag,61,NO,1561846472,92,70.98,25.97,39.84,26.02
201,zyryanka,94,RU,1561846472,71,65.73,150.89,55.08,10.02
202,thessalon,1,CA,1561846472,50,46.26,-83.55,77,5.82
203,pochutla,40,MX,1561846473,58,15.74,-96.47,90,3.09
204,khasan,100,RU,1561846473,99,42.43,130.64,54.56,4.72
205,nacogdoches,90,US,1561846321,94,31.6,-94.66,82,6.93
206,boende,8,CD,1561846473,74,-0.28,20.88,76.68,0.43
207,bayshore gardens,90,US,1561846473,69,27.43,-82.59,87.01,9.17
208,paamiut,100,GL,1561846474,96,61.99,-49.67,36.65,2.71
209,katsuura,75,JP,1561846474,100,33.93,134.5,80.01,1.12
210,cherskiy,100,RU,1561846474,84,68.75,161.3,43.2,16.04
211,henties bay,100,NA,1561846474,95,-22.12,14.28,54,3.87
212,komsomolskiy,87,RU,1561846474,51,67.55,63.78,57.67,14.85
213,sao felix do xingu,0,BR,1561846475,64,-6.64,-51.99,80.14,3.94
214,balkanabat,0,TM,1561846475,12,39.51,54.36,93.98,11.54
215,choucheng,,,,,,,,
216,ishinomaki,75,JP,1561846475,100,38.42,141.3,62.6,3.36
217,bati,33,ET,1561846475,36,11.19,40.02,75.19,3.18
218,leh,0,IN,1561846475,44,34.16,77.58,31.7,4.09
219,lorengau,56,PG,1561846476,83,-2.02,147.27,78.5,3.94
220,tuktoyaktuk,90,CA,1561846476,80,69.44,-133.03,39.2,11.41
221,davila,75,PH,1561846476,100,18.47,120.58,77,3.36
222,xenia,20,US,1561846242,41,39.68,-83.93,91.99,8.05
223,waingapu,98,ID,1561846476,92,-9.65,120.26,65.32,8.68
224,longyearbyen,75,NO,1561846477,69,78.22,15.63,39.2,16.11
225,komadi,0,HU,1561846477,87,47,21.5,62.6,6.93
226,aykhal,0,RU,1561846477,38,65.95,111.51,73.4,4.47
227,guerrero negro,0,MX,1561846290,72,27.97,-114.04,69.12,17.72
228,port pirie,0,AU,1561846477,93,-33.18,138.01,41,9.17
229,chicama,75,PE,1561846477,88,-7.84,-79.15,64.4,8.05
230,sao joao da barra,0,BR,1561846300,83,-21.64,-41.05,75.2,11.41
231,mys shmidta,,,,,,,,
232,gualaquiza,100,EC,1561846478,98,-3.4,-78.58,49.65,4.07
233,cabo san lucas,5,MX,1561846460,14,22.89,-109.91,102,12.75
234,bambous virieux,40,MU,1561846478,64,-20.34,57.76,71.6,17.22
235,begoro,52,GH,1561846478,98,6.38,-0.38,70.83,4.63
236,warqla,,,,,,,,
237,birsk,100,RU,1561846479,94,55.42,55.54,61.69,4.7
238,mecca,12,SA,1561846479,26,21.43,39.83,89.53,5.53
239,tiznit,0,MA,1561846479,88,29.7,-9.73,66.93,12.84
240,labutta,,,,,,,,
241,portland,40,US,1561845908,54,43.66,-70.25,82.4,6.93
242,aswan,0,EG,1561846479,46,24.09,32.9,91.4,8.05
243,beloha,4,MG,1561846479,70,-25.17,45.06,72.18,5.61
244,bayir,0,TR,1561846480,34,37.27,28.22,86,3.36
245,aklavik,90,CA,1561846480,71,68.22,-135.01,50,6.93
246,bethel,75,US,1561846232,72,60.79,-161.76,62.6,4.7
247,airai,95,TL,1561846480,84,-8.93,125.41,66.62,4.65
248,sri aman,95,MY,1561846480,94,1.24,111.46,75.2,1.79
249,nanortalik,97,GL,1561846481,91,60.14,-45.24,36.43,6.26
250,noumea,75,NC,1561846407,94,-22.28,166.46,68,2.24
251,san vicente,40,EC,1561846481,74,-0.59,-80.41,78.8,11.41
252,arraial do cabo,0,BR,1561846481,78,-22.97,-42.02,75.2,12.75
253,marcona,,,,,,,,
254,derzhavinsk,18,KZ,1561846482,60,51.1,66.31,59.49,13.18
255,beitbridge,0,ZA,1561846482,41,-22.21,29.99,60.5,8.46
256,blagoveshchenka,0,RU,1561846482,83,52.83,79.87,51.57,11.65
257,salinopolis,25,BR,1561846482,77,-0.61,-47.36,83.07,19.1
258,briancon,100,FR,1561846482,82,44.9,6.65,80.01,2.13
259,chagda,,,,,,,,
260,hohhot,0,CN,1561846483,81,40.81,111.65,48.2,6.71
261,walvis bay,21,NA,1561846483,93,-22.95,14.51,57.2,2.24
262,mulanje,0,MW,1561846483,91,-16.03,35.5,57.57,2.8
263,robertsport,100,LR,1561846484,89,6.75,-11.37,76.63,9.31
264,paita,75,PE,1561846484,290,-5.09,-81.11,62.6,8.05
265,naze,100,NG,1561846484,93,5.43,7.07,74.94,5.19
266,paredon,72,BO,1561846484,25,-18.93,-65.16,66.2,13.87
267,bengkulu,,,,,,,,
268,conceicao da barra,3,BR,1561846299,91,-18.59,-39.73,71.23,4.05
269,bumba,38,CD,1561846485,71,2.18,22.47,73.17,0.56
270,amuntai,34,ID,1561846485,98,-2.42,115.25,68.69,0.87
271,talcahuano,20,CL,1561846485,57,-36.72,-73.12,51.8,12.75
272,saint-pierre,0,FR,1561846485,47,48.95,4.24,78.8,10.29
273,luderitz,0,NA,1561846485,87,-26.65,15.16,51.8,1.12
274,xingyi,97,CN,1561846486,97,24.19,102.82,60.5,2.91
275,gravdal,100,NO,1561846486,93,59.79,5.78,57,10.29
276,nacala,8,MZ,1561846486,90,-14.56,40.69,70.8,8.84
277,saldanha,0,PT,1561846486,60,41.42,-6.55,75.08,5.7
278,bandipur,100,IN,1561846487,97,11.67,76.63,64.62,6.15
279,clyde river,20,CA,1561846487,80,70.47,-68.59,39.2,6.93
280,coquimbo,0,CL,1561846487,71,-29.95,-71.34,61,12.75
281,batagay,78,RU,1561846487,64,67.65,134.64,49.92,9.62
282,eskasem,,,,,,,,
283,dwarka,20,IN,1561846487,41,28.58,77.04,95,6.93
284,broken hill,0,AU,1561846488,86,-31.97,141.45,41,3.36
285,lebu,98,ET,1561846488,86,8.96,38.73,59.1,4.59
286,tesalia,24,CO,1561846488,58,2.49,-75.73,70.08,4
287,northam,75,AU,1561846302,76,-31.65,116.67,53.6,9.17
288,tuy hoa,100,VN,1561846488,65,13.08,109.3,79.42,14.45
289,shingu,100,JP,1561846489,99,33.72,135.99,71.57,12.01
290,brae,73,GB,1561846489,93,60.4,-1.35,55.4,6.93
291,bogorodskoye,0,RU,1561846489,48,52.37,140.44,59.01,2.84
292,faya,0,SA,1561846489,30,18.39,42.45,75.2,3.53
293,waipawa,0,NZ,1561846489,87,-39.94,176.59,46.99,2.17
294,krasnoselkup,,,,,,,,
295,port lincoln,100,AU,1561846490,68,-34.72,135.86,56.52,25.41
296,ahuimanu,90,US,1561846490,74,21.44,-157.84,84,9.17
297,kupang,66,ID,1561846490,76,-10.16,123.6,73.51,8.43
298,ryazanovskiy,100,RU,1561846490,82,55.55,39.43,49.12,6.89
299,dunedin,2,NZ,1561846389,51,-45.87,170.5,55.99,4
300,madera,1,US,1561846250,23,36.96,-120.06,93.2,4.7
301,covington,20,US,1561846245,55,35.56,-89.65,91.4,5.82
302,shache,32,CN,1561846491,40,38.42,77.24,74.47,1.48
303,sakakah,,,,,,,,
304,tomigusuku,40,JP,1561846491,94,26.18,127.67,82.4,16.11
305,oga,0,IT,1561846491,93,46.46,10.35,71.6,3.36
306,korla,,,,,,,,
307,hamilton,40,CA,1561846226,57,43.26,-79.87,84.2,14.99
308,grand centre,,,,,,,,
309,lermontovka,99,RU,1561846492,95,47.15,134.34,56.27,3.42
310,nizhniy odes,100,RU,1561846492,93,63.64,54.86,57.85,12.64
311,goderich,0,CA,1561846435,63,43.74,-81.71,77,17
312,dano,94,BF,1561846492,66,11.14,-3.06,80.86,5.53
313,teguldet,94,RU,1561846493,98,57.31,88.17,52.31,10.04
314,kalmunai,100,LK,1561846493,75,7.42,81.82,75.75,3.76
315,asau,,,,,,,,
316,ibipeba,0,BR,1561846493,59,-11.64,-42.01,67.7,7.94
317,sambava,0,MG,1561846493,97,-14.27,50.17,65.18,3.58
318,abdulino,100,RU,1561846493,95,53.68,53.66,62.25,0.11
319,luganville,40,VU,1561846494,88,-15.51,167.18,75.2,3.36
320,hanmer springs,32,NZ,1561846494,53,-42.52,172.83,34.4,2.42
321,barra do garcas,0,BR,1561846494,42,-15.89,-52.26,84.2,2.24
322,olafsvik,,,,,,,,
323,musoma,17,TZ,1561846494,72,-1.5,33.81,75.76,11.9
324,santarem,,,,,,,,
325,lyubuchany,100,RU,1561846495,87,55.25,37.55,57,6.71
326,vila velha,75,BR,1561846495,83,-3.71,-38.6,78.01,18.34
327,doha,0,QA,1561846495,27,25.29,51.53,100.4,3.36
328,cidreira,55,BR,1561846315,82,-30.17,-50.22,69.54,7.9
329,exeter,40,GB,1561846495,82,50.73,-3.53,61,10.29
330,kjollefjord,0,NO,1561846495,77,70.95,27.35,41.82,22.03
331,lavrentiya,100,RU,1561846496,94,65.58,-170.99,44.88,8.25
332,chapais,75,CA,1561846496,64,49.78,-74.86,68,5.82
333,saint george,20,GR,1561846496,68,39.45,22.34,73,8.05
334,talwandi bhai,0,IN,1561846496,26,30.86,74.93,95.78,5.1
335,san rafael,0,AR,1561846496,51,-34.61,-68.33,51.43,5.39
336,ajra,100,IN,1561846497,98,16.12,74.21,71.23,4.61
337,antalaha,67,MG,1561846497,96,-14.9,50.28,64.96,1.14
338,isnos,31,CO,1561846497,68,1.94,-76.24,56.65,7.29
339,suluq,0,LY,1561846497,78,31.67,20.25,78.57,12.93
340,rantepao,96,ID,1561846497,95,-2.97,119.9,57.01,2.15
341,linxi,40,CN,1561846498,100,23.65,116.7,80.6,0.96
342,maumere,100,ID,1561846498,74,-8.63,122.22,69.75,4.38
343,casimcea,0,RO,1561846498,55,44.71,28.38,66.2,10.29
344,flinders,90,AU,1561846498,66,-34.58,150.85,52,5.82
345,luwuk,100,ID,1561846499,98,-0.95,122.79,62.23,4.14
346,gimli,87,CA,1561846499,35,50.63,-96.99,82,1.99
347,maryborough,10,AU,1561846499,98,-25.54,152.7,55.75,4.03
348,ojinaga,1,US,1561846499,16,29.56,-104.41,98.6,12.75
349,juneau,1,US,1561846394,38,58.3,-134.42,78.8,8.05
350,sitka,0,US,1561846499,35,37.17,-99.65,97,10
351,puerto escondido,75,MX,1561846500,66,15.86,-97.07,87.8,9.17
352,kidal,99,ML,1561846500,32,18.44,1.41,89.64,10.27
353,kuandian,68,CN,1561846500,97,40.73,124.78,58.43,2.46
354,cururupu,0,BR,1561846501,76,-1.82,-44.87,78.39,4.07
355,norman wells,90,CA,1561846501,93,65.28,-126.83,55.4,17.22
356,yuancheng,,,,,,,,
357,fengzhen,0,CN,1561846501,60,40.43,113.15,52.94,7.63
358,anyama,20,CI,1561846502,94,5.5,-4.06,78.8,9.17
359,hambantota,0,LK,1561846502,100,6.12,81.12,78.8,9.17
360,ankazobe,75,MG,1561846502,87,-18.32,47.12,59,8.05
361,chacaltianguis,22,MX,1561846502,81,18.3,-95.84,79,11.72
362,zabaykalsk,79,CN,1561846503,59,49.64,117.33,58.29,9.51
363,maniitsoq,100,GL,1561846503,74,65.42,-52.9,37.75,5.48
364,praia da vitoria,75,PT,1561846503,82,38.73,-27.07,66.99,3.4
365,makakilo city,20,US,1561846503,69,21.35,-158.09,84,9.17
366,tilichiki,100,RU,1561846504,97,60.47,166.1,44.12,3.24
367,johnstown,1,US,1561846504,78,40.33,-78.92,86,3.36
368,nome,1,US,1561846504,78,30.04,-94.42,78.8,10.51
369,armacao dos buzios,,,,,,,,
370,iqaluit,75,CA,1561846504,75,63.75,-68.52,46.4,12.75
371,venafro,0,IT,1561846505,53,41.48,14.05,78.01,3.36
372,mount isa,0,AU,1561846505,47,-20.73,139.49,57.2,11.41
373,tautira,75,PF,1561846505,57,-17.73,-149.15,80.6,6.93
374,dhidhdhoo,100,MV,1561846506,77,6.88,73.1,82.91,12.39
375,redmond,40,US,1561846506,33,47.67,-122.12,77,6.93
376,cumana,19,VE,1561846506,79,10.46,-64.17,79.92,31
377,bardiyah,,,,,,,,
378,le port,0,FR,1561846507,77,42.87,1.37,80.01,1.59
379,tagusao,100,PH,1561846507,78,9.19,117.81,82.57,10.38
380,klaksvik,100,FO,1561846507,100,62.23,-6.59,51.8,6.93
381,pisco,20,PE,1561846507,30,-13.71,-76.2,71.6,14.99
382,santa maria,40,BR,1561846508,60,-16.02,-48.01,73.4,8.05
383,tuatapere,100,NZ,1561846508,81,-46.13,167.69,46.99,1.01
384,thompson,90,CA,1561846508,59,55.74,-97.86,66.2,5.82
385,srandakan,32,ID,1561846508,81,-7.94,110.25,74.41,16.42
386,caravelas,0,BR,1561846427,84,-17.73,-39.27,74.85,6.85
387,akureyri,75,IS,1561846508,65,65.68,-18.09,46.4,10.29
388,kasongo-lunda,15,CD,1561846509,55,-6.48,16.82,71.7,2.33
389,tyret pervaya,100,RU,1561846509,74,53.67,102.31,60.54,5.68
390,ola,100,RU,1561846509,91,59.58,151.3,44.68,2.04
391,belaya,0,RU,1561846509,93,51.06,35.71,48.26,7.36
392,nsanje,40,MZ,1561846509,80,-16.92,35.26,66.44,8.43
393,kleive,100,NO,1561846510,87,62.8,7.64,55.4,3.36
394,morro bay,1,US,1561846510,51,35.37,-120.85,91.99,4.7
395,lata,70,IN,1561846510,81,30.78,78.62,42.64,1.86
396,yaan,30,NG,1561846510,89,7.38,8.57,76.77,3.74
397,mitu,0,IR,1561846511,31,36.2,46.09,65.32,4.99
398,marsh harbour,100,BS,1561846511,71,26.54,-77.06,82.91,3.71
399,kungsbacka,0,SE,1561846511,72,57.49,12.08,64,14.99
400,sao filipe,0,CV,1561846512,86,14.9,-24.5,72.51,24.4
401,dinsor,,,,,,,,
402,murighiol,57,RO,1561846512,55,45.04,29.17,61,8.05
403,omboue,31,GA,1561846512,82,-1.57,9.26,74.67,17.63
404,moose jaw,20,CA,1561846512,60,50.4,-105.54,75.2,13.87
405,san antonio,75,CL,1561846512,100,-33.58,-71.61,51.8,2.24
406,marawi,100,PH,1561846513,90,8,124.29,75,4
407,bismarck,90,US,1561846513,69,46.81,-100.78,82.99,16.11
408,tambo,40,PE,1561846513,30,-12.95,-74.02,71.6,2.24
409,butterworth,75,MY,1561846513,88,5.4,100.37,82.4,3.53
410,pontes e lacerda,0,BR,1561846513,42,-15.23,-59.33,86.13,2.82
411,gat,20,SN,1561846514,83,14.69,-16.54,77,9.17
412,rolim de moura,,,,,,,,
413,kabanjahe,99,ID,1561846514,96,3.1,98.49,69.88,2.1
414,whitehorse,75,CA,1561846514,39,60.72,-135.06,79,8.05
415,poum,0,MK,1561846515,78,41.28,20.71,53.21,5.17
416,college,1,US,1561846515,44,64.86,-147.8,84.99,7.83
417,meulaboh,79,ID,1561846515,81,4.14,96.13,81.69,11.03
418,soria,0,ES,1561846515,22,41.76,-2.46,78.01,1.01
419,ambon,0,FR,1561846516,77,47.55,-2.56,66.99,8.05
420,vanimo,47,PG,1561846437,78,-2.67,141.3,79.51,7.38
421,shanhetun,100,CN,1561846516,94,44.7,127.2,59.38,2.77
422,launceston,95,AU,1561846516,81,-41.43,147.14,50,20.8
423,kuusamo,0,FI,1561846517,100,65.96,29.19,42.8,1.12
424,rawson,55,AR,1561846517,53,-43.3,-65.11,37.15,8.9
425,ucluelet,40,CA,1561846295,82,48.94,-125.55,69.01,10.29
426,xai-xai,0,MZ,1561846517,72,-25.04,33.64,63.88,5.1
427,verkhnyaya inta,99,RU,1561846517,51,65.99,60.32,59.4,16.11
428,kambia,75,SL,1561846517,88,9.13,-12.92,77,3.36
429,kasiri,75,SL,1561846518,88,8.94,-13.11,77,3.36
430,harrismith,0,ZA,1561846518,38,-28.27,29.13,48.44,6.33
431,mizdah,0,LY,1561846518,48,31.45,12.98,76.32,9.19
432,husavik,49,CA,1561846518,35,50.56,-96.99,82,1.99
433,angoram,31,PG,1561846518,98,-4.06,144.07,71.86,1.86
434,seymchan,100,RU,1561846519,64,62.93,152.39,51.88,0.89
435,petropavlovsk-kamchatskiy,93,RU,1561846519,67,53.05,158.65,59,4.47
436,riyadh,0,SA,1561846519,9,24.63,46.72,95,3.36
437,sur,1,OM,1561846519,50,22.57,59.53,90.31,18.16
438,dharchula,89,IN,1561846519,79,29.85,80.53,56.65,2.71
439,were ilu,89,ET,1561846520,63,10.6,39.43,66.93,3.13
440,linchuan,,,,,,,,
441,ostrovnoy,100,RU,1561846520,66,68.05,39.51,43.69,4.27
442,shahjahanpur,13,IN,1561846520,21,27.88,79.91,97.36,3.44
443,marsa matruh,40,EG,1561846494,83,31.35,27.25,78.8,9.17
444,rio gallegos,40,AR,1561846521,74,-51.62,-69.22,35.6,13.87
445,ortakoy,40,TR,1561846521,63,38.74,34.04,63,2.24
446,alfred,90,CA,1561846521,61,45.56,-74.88,82.4,8.05
447,leningradskiy,94,RU,1561846521,69,69.38,178.42,46.77,7.54
448,muroto,75,JP,1561846521,94,33.37,134.14,77,10.29
449,mrirt,,,,,,,,
450,lasa,20,CY,1561846522,88,34.92,32.53,77,5.82
451,tarabuco,0,BO,1561846522,25,-19.18,-64.92,66.2,13.87
452,laguna de perlas,75,NI,1561846522,83,12.34,-83.67,84.2,4.7
453,kilindoni,0,TZ,1561846522,79,-7.91,39.67,80.25,15.46
454,santiago,100,PH,1561846522,92,16.69,121.54,71.19,3.27
455,bimbo,0,CF,1561846523,94,4.33,18.53,77,2.15
456,kizukuri,90,JP,1561846523,100,40.81,140.39,64.99,3.36
457,bow island,20,CA,1561846523,27,49.87,-111.38,75.99,23.04
458,baherden,0,TM,1561846523,27,38.44,57.43,78.39,9.95
459,pitimbu,0,BR,1561846524,78,-7.47,-34.81,77,4.7
460,tsentralnyy,,,,,,,,
461,iraray,100,PH,1561846524,84,8.99,118.05,76.27,1.16
462,huilong,67,CN,1561846524,90,31.15,106.5,65.97,3.49
463,ouegoa,6,NC,1561846524,76,-20.34,164.44,71.98,18.25
464,taoudenni,57,ML,1561846320,10,22.68,-3.98,102.01,7.76
465,trogir,0,HR,1561846524,41,43.52,16.25,78.8,2.24
466,san ramon de la nueva oran,99,AR,1561846263,60,-23.13,-64.33,73.6,4.88
467,saint-louis,0,SN,1561846525,83,16.03,-16.5,77,6.93
468,quelimane,0,MZ,1561846525,93,-17.88,36.89,65.7,3.2
469,kysyl-syr,65,RU,1561846525,65,63.9,122.77,62.32,8.68
470,torbay,75,CA,1561846525,87,47.66,-52.73,57.99,4.7
471,tual,94,ID,1561846526,86,-5.67,132.75,79.17,18.59
472,santander,75,PH,1561846526,83,9.42,123.33,80.6,4.7
473,wichita,40,US,1561846370,46,37.69,-97.34,99,11.41
474,vostok,100,RU,1561846395,97,46.45,135.83,52.06,2.91
475,saint anthony,1,US,1561846526,27,43.97,-111.68,79,8.05
476,vila do maio,20,CV,1561846526,73,15.13,-23.22,75.2,16.11
477,huanren,93,CN,1561846526,98,41.26,125.37,58.25,2.62
478,norsup,40,VU,1561846527,88,-16.07,167.38,75.2,3.36
479,huarmey,2,PE,1561846527,86,-10.07,-78.15,63.94,13.4
480,mehamn,2,NO,1561846527,78,71.03,27.85,40,19.15
481,pervomayskiy,100,RU,1561846527,88,53.24,40.29,49.45,10.04
482,burica,,,,,,,,
483,bachaquero,100,VE,1561846527,63,9.96,-71.12,85.57,5.44
484,pocone,0,BR,1561846528,37,-16.26,-56.62,87.34,5.12
485,wulanhaote,,,,,,,,
486,laohekou,79,CN,1561846528,73,32.39,111.67,70.02,5.55
487,kavieng,83,PG,1561846528,77,-2.57,150.8,81.74,4.68
488,raudeberg,100,NO,1561846528,82,61.99,5.14,59,17.22
489,codrington,90,AU,1561846529,93,-28.95,153.24,60.01,2.82
490,geraldton,39,CA,1561846529,44,49.72,-86.95,71.84,9.13
491,ancud,75,CL,1561846529,100,-41.87,-73.83,41,6.93
492,padang,21,ID,1561846529,77,-0.92,100.36,82.53,10.51
493,bagasara,,,,,,,,
494,nyurba,0,RU,1561846530,68,63.29,118.35,67.92,2.28
495,shieli,0,KZ,1561846530,31,44.18,66.74,88.63,18.68
496,port-gentil,93,GA,1561846447,82,-0.72,8.78,76.14,19.51
497,tombouctou,100,ML,1561846530,36,16.77,-3.01,91.41,26.26
498,ayios loukas,,,,,,,,
499,verkhoyansk,0,RU,1561846531,60,67.55,133.39,49.09,11.01
500,akdepe,0,TM,1561846531,46,42.05,59.39,75.2,2.24
501,iralaya,90,HN,1561846531,94,15,-83.23,77,5.61
502,gossaigaon,7,IN,1561846531,86,26.45,89.99,78.14,3.31
503,gigmoto,100,PH,1561846531,75,13.78,124.39,83.95,12.3
504,ostersund,71,SE,1561846532,76,63.18,14.64,52,6.93
505,ilulissat,40,GL,1561846532,81,69.22,-51.1,42.8,9.17
506,havre,40,US,1561846530,31,48.55,-109.68,78.8,17.22
507,pacific grove,1,US,1561846263,63,36.62,-121.92,84,11.41
508,karakol,0,KG,1561846346,61,42.49,78.39,57.89,4.99
509,concarneau,0,FR,1561846532,93,47.88,-3.92,66,5.82
510,itoman,40,JP,1561846533,94,26.12,127.67,82.4,16.11
511,elk city,1,US,1561846389,22,35.41,-99.4,100.4,4.05
512,manasa,100,IN,1561846533,83,24.48,75.27,78.63,15.37
513,agadez,1,NE,1561846293,38,16.97,7.99,87.8,16.11
514,khovu-aksy,0,RU,1561846533,63,51.13,93.72,59.51,3.24
515,suntar,0,RU,1561846534,72,62.16,117.65,67.52,3.78
516,matamoros,20,US,1561846534,56,25.87,-97.51,95,16.11
517,svetlaya,100,RU,1561846325,96,46.54,138.33,47.86,2.71
518,narsaq,75,GL,1561846477,70,60.91,-46.05,48.2,5.82
519,kiruna,49,SE,1561846535,65,67.86,20.23,41,8.05
520,oranjemund,0,ZA,1561846535,84,-28.55,16.43,54.92,0.96
521,ikole,,,,,,,,
522,onega,100,RU,1561846535,85,63.91,38.09,46.96,7.72
523,port hardy,75,CA,1561846535,77,50.7,-127.42,60.8,9.17
524,puerto cabello,100,VE,1561846535,71,10.47,-68.01,81.85,9.15
525,nampula,75,MZ,1561846536,98,-15.12,39.26,65.56,4.61
526,arlit,71,NE,1561846536,16,18.74,7.39,101.09,4.5
527,dingle,100,PH,1561846536,83,11,122.67,77.01,7.29
528,kargopol,100,RU,1561846536,75,61.51,38.95,47.95,8.41
529,lincoln,1,US,1561846537,39,40.8,-96.67,99,12.75
530,nunchia,99,CO,1561846537,90,5.64,-72.2,71.28,2.62
531,tahe,0,CN,1561846537,62,52.34,124.71,57.44,3.31
532,nantucket,40,US,1561846351,88,41.28,-70.1,75,5.82
533,gao,100,ML,1561846537,38,16.28,-0.04,89.55,11.43
534,nyuksenitsa,100,RU,1561846537,99,60.41,44.24,53.52,1.54
535,biak,100,ID,1561846538,98,-0.91,122.88,62.23,4.14
536,cassino,0,IT,1561846538,53,41.49,13.83,78.01,3.36
537,dombas,60,NO,1561846538,90,62.07,9.12,48.48,6.4
538,dudinka,0,RU,1561846538,81,69.41,86.18,48.2,8.95
539,umba,100,RU,1561846538,97,66.69,34.34,48.84,4.54
540,tura,3,RU,1561846539,61,64.27,100.22,67.86,4.27
541,pafos,,,,,,,,
542,sinnamary,100,GF,1561846539,84,5.38,-52.96,80.37,17.58
543,vangaindrano,100,MG,1561846539,96,-23.35,47.6,68.85,4.54
544,bourail,92,NC,1561846539,90,-21.57,165.5,65.32,8.34
545,twentynine palms,1,US,1561846539,3,34.14,-116.05,105.8,8.55
546,barbar,,,,,,,,
547,kamaishi,100,JP,1561846540,99,39.28,141.86,59.73,3.02
548,tessalit,62,ML,1561846540,35,20.2,1.01,89.68,18.21
549,gornopravdinsk,57,RU,1561846540,76,60.06,69.92,51.27,4.97
550,bozuyuk,0,TR,1561846540,67,39.91,30.04,63,13.87
551,cienaga de flores,,,,,,,,
552,eureka,1,US,1561846541,77,40.8,-124.16,64,16.11
553,karratha,0,AU,1561846509,31,-20.74,116.85,62.01,14.36
554,tomatlan,0,MX,1561846541,65,19.93,-105.25,86.89,14.79
555,shimoda,100,JP,1561846541,95,34.7,138.93,77,1.01
556,artyk,,,,,,,,
557,port augusta,0,AU,1561846542,93,-32.49,137.76,41,9.17
558,taltal,0,CL,1561846542,57,-25.41,-70.49,60.68,2.37
559,mirnyy,19,RU,1561846542,63,56.57,36.46,48.12,8.46
560,ashland,1,US,1561846542,52,38.48,-82.64,91.99,8.05
561,fenyi,71,CN,1561846542,94,27.82,114.69,74.61,1.81
562,smiltene,47,LV,1561846543,94,57.42,25.9,55.99,1.01
563,almunecar,0,ES,1561846543,30,36.73,-3.69,84.2,2.24
564,emba,20,CY,1561846328,88,34.81,32.42,77,5.82
565,addi ugri,,,,,,,,
566,bunia,34,CD,1561846543,96,1.56,30.25,64.12,1.57
567,amos,75,CA,1561846543,56,48.57,-78.12,71.6,12.75
568,gorno-chuyskiy,,,,,,,,
569,mareeba,20,AU,1561846544,88,-16.99,145.42,64.4,11.41
570,harper,1,US,1561846544,31,30.3,-99.24,95,6.93
571,bijar,0,IR,1561846544,30,35.87,47.6,65.86,6.93
572,lalganj,40,IN,1561846544,66,26.17,80.97,91.4,5.82
573,rocha,100,UY,1561846544,98,-34.48,-54.34,61,1.83
574,beringovskiy,100,RU,1561846328,83,63.05,179.32,46.5,4.68
575,pedasi,70,PA,1561846545,75,7.53,-80.03,81.97,3.53
576,sinkat,,,,,,,,
577,ondjiva,91,AO,1561846545,27,-17.07,15.73,63.09,5.46
578,bassila,86,BJ,1561846545,93,9,1.66,73.24,3.62
579,miranda,0,BR,1561846545,39,-20.24,-56.38,85.09,7.02
580,kyra,,,,,,,,
581,sumbawa,,,,,,,,
582,vallenar,0,CL,1561846546,62,-28.58,-70.76,57.06,6.29
583,portobelo,40,PA,1561846546,83,9.55,-79.65,86,11.41
584,saint-joseph,0,FR,1561846546,69,43.56,6.97,82.4,4.7
585,vardo,1,US,1561846546,57,39.62,-77.74,93.99,10.02
586,samusu,,,,,,,,
587,nadym,0,RU,1561846547,54,65.53,72.51,57.03,7.92
588,jalu,0,LY,1561846547,39,29.03,21.55,84.75,15.41
589,lower burrell,20,US,1561846547,54,40.59,-79.73,88,12.75
590,kappeln,0,DE,1561846547,82,54.66,9.93,66.2,2.24
591,ngukurr,,,,,,,,
592,odweyne,,,,,,,,
